PHRMCY_NBR,PHRMCY_NAM,ST_CD,ZIP_3_CD
1017330163607345979,GNP PHARMACY #1,NJ,070
1041420479647471411,GNP PHARMACY #2,NJ,071
1048827871928328746,GNP PHARMACY #3,MA,021
1057348283119436343,GNP PHARMACY #4,NJ,070
1058510257734865632,GNP PHARMACY #5,NY,100
1081439579592602433,GNP PHARMACY #6,MA,011
1086060348872350015,GNP PHARMACY #7,NJ,070
1089389175785588555,GNP PHARMACY #8,PA,193
1092260723523702002,GNP PHARMACY #9,NJ,075
1121291098695239882,GNP PHARMACY #10,NJ,070
1127802158199509414,GNP PHARMACY #11,NJ,070
113751725732539219,GNP PHARMACY #12,PA,152
1138751154350733720,GNP PHARMACY #13,NJ,088
1139356123247980453,GNP PHARMACY #14,NY,112
1142078113077542449,GNP PHARMACY #15,NY,104
1148969088727497933,GNP PHARMACY #16,NJ,088
1167918778638125970,GNP PHARMACY #17,NY,112
1174450154022548624,GNP PHARMACY #18,NJ,087
1190144978370571924,GNP PHARMACY #19,NJ,070
1191199736461399273,GNP PHARMACY #20,NY,100
1194407567927942133,GNP PHARMACY #21,NY,112
1195333683993082880,GNP PHARMACY #22,MA,020
1199705136261897466,GNP PHARMACY #23,MA,012
1212060521919412339,GNP PHARMACY #24,NY,111
1212478553512220927,GNP PHARMACY #25,NY,113
1218588692793290095,GNP PHARMACY #26,PA,191
1221078716599670116,GNP PHARMACY #27,MA,018
122787575062186696,GNP PHARMACY #28,NJ,088
1236695155984831842,GNP PHARMACY #29,RI,029
1249256380449141560,GNP PHARMACY #30,MA,027
1250412923501748872,GNP PHARMACY #31,NJ,077
1250790798800258235,GNP PHARMACY #32,NY,110
1259251080859862612,GNP PHARMACY #33,CT,060
1281704954923499201,GNP PHARMACY #34,NJ,073
1297463205330104723,GNP PHARMACY #35,NJ,088
1305556910798405707,GNP PHARMACY #36,ME,041
130603028221658466,GNP PHARMACY #37,MA,010
1307702414832812145,GNP PHARMACY #38,NJ,071
1312677011544121744,GNP PHARMACY #39,PR,009
132134496758518783,GNP PHARMACY #40,NY,117
1324895405562516765,GNP PHARMACY #41,PA,156
1329047598975131622,GNP PHARMACY #42,PR,007
1341357980083956276,GNP PHARMACY #43,NY,109
1354271919160429818,GNP PHARMACY #44,NJ,085
1358383802381295416,GNP PHARMACY #45,NY,103
1360787588063411417,GNP PHARMACY #46,ME,046
1364923068827464494,GNP PHARMACY #47,NY,112
1377518451589671313,GNP PHARMACY #48,NY,113
1391686484968816395,GNP PHARMACY #49,NY,113
1396734714545026179,GNP PHARMACY #50,NJ,083
1399220627773444202,GNP PHARMACY #51,MA,010
1407451326401936578,GNP PHARMACY #52,ME,047
1407881542296665922,GNP PHARMACY #53,NY,105
141453388388839310,GNP PHARMACY #54,MA,011
1416315397094610646,GNP PHARMACY #55,NJ,070
1419276775827610330,GNP PHARMACY #56,NY,104
1420213719757719547,GNP PHARMACY #57,PA,174
1430495602286098780,GNP PHARMACY #58,NJ,071
1430963927123078142,GNP PHARMACY #59,NY,113
1446797106286880298,GNP PHARMACY #60,NY,100
1448004932214894578,GNP PHARMACY #61,NJ,070
1460705411861238842,GNP PHARMACY #62,NY,112
1469327144772490678,GNP PHARMACY #63,NY,100
1472475709074639245,GNP PHARMACY #64,NY,100
1492634350488830932,GNP PHARMACY #65,NJ,080
1502794958423678460,GNP PHARMACY #66,NY,115
1510420119331403714,GNP PHARMACY #67,NH,038
1513838608214213750,GNP PHARMACY #68,NJ,088
152096245896363092,GNP PHARMACY #69,PR,009
1521239162479993409,GNP PHARMACY #70,NJ,077
1547868311421114940,GNP PHARMACY #71,NY,112
1555177074347668191,GNP PHARMACY #72,PA,191
1561606409142364354,GNP PHARMACY #73,PA,190
1561873112348432815,GNP PHARMACY #74,NJ,080
1571515534661781510,GNP PHARMACY #75,PA,189
1576900079803318396,GNP PHARMACY #76,NY,104
1586727423747571475,GNP PHARMACY #77,NY,112
1593280315939490835,GNP PHARMACY #78,NJ,074
159707482795825630,GNP PHARMACY #79,NJ,077
1599475655377412284,GNP PHARMACY #80,MA,016
1607492026458765804,GNP PHARMACY #81,NJ,080
1610936019878274011,GNP PHARMACY #82,NY,113
1626447500121526344,GNP PHARMACY #83,NY,110
1628184763160683977,GNP PHARMACY #84,NY,111
1638104015440807122,GNP PHARMACY #85,NY,100
1648696346607114797,GNP PHARMACY #86,PR,007
1659709992619312505,GNP PHARMACY #87,PA,190
166774838292779567,GNP PHARMACY #88,NY,104
1674782067426582175,GNP PHARMACY #89,NY,112
1685316234878420089,GNP PHARMACY #90,PA,182
1698332211359864948,GNP PHARMACY #91,NJ,088
1703402693731953819,GNP PHARMACY #92,PR,006
1715870314364811275,GNP PHARMACY #93,CT,063
1719820591528215636,GNP PHARMACY #94,NJ,087
172333668137395269,GNP PHARMACY #95,NJ,070
1726192772988210924,GNP PHARMACY #96,NY,114
173248671143235566,GNP PHARMACY #97,NJ,071
1739129596920377294,GNP PHARMACY #98,NJ,071
175231288168740066,GNP PHARMACY #99,NJ,073
1755242237025283085,GNP PHARMACY #100,NJ,071
1777810515716506646,GNP PHARMACY #101,NY,112
1788270894846039662,GNP PHARMACY #102,NY,103
1796496573924257677,GNP PHARMACY #103,NJ,087
1798436288513677131,GNP PHARMACY #104,PA,190
1811114687542818854,GNP PHARMACY #105,PA,171
1824189926188364044,GNP PHARMACY #106,PR,006
1831744446008125042,GNP PHARMACY #107,NJ,074
1840258152652927014,GNP PHARMACY #108,PA,181
1841333058502382376,GNP PHARMACY #109,NY,113
1841593177282919617,GNP PHARMACY #110,NY,101
1844831024148012495,GNP PHARMACY #111,NJ,080
1853406506712861142,GNP PHARMACY #112,NY,104
1855204184701636739,GNP PHARMACY #113,PA,190
1860369715013904890,GNP PHARMACY #114,NJ,070
1860739563718662721,GNP PHARMACY #115,PA,190
1864727887909581358,GNP PHARMACY #116,PA,191
1871751586143969422,GNP PHARMACY #117,MA,012
1878897022451838545,GNP PHARMACY #118,PR,006
1880101461554772892,GNP PHARMACY #119,NJ,079
188064871430953105,GNP PHARMACY #120,PA,191
1886512868118234782,GNP PHARMACY #121,NJ,074
1898957398985678826,GNP PHARMACY #122,NJ,087
1899067805013831033,GNP PHARMACY #123,NJ,080
1900503318383015547,GNP PHARMACY #124,NJ,077
1903802146814014412,GNP PHARMACY #125,PA,193
1909701327313021193,GNP PHARMACY #126,NJ,071
1927430689240447651,GNP PHARMACY #127,ME,041
192908973673730060,GNP PHARMACY #128,NJ,085
1932302700263149726,GNP PHARMACY #129,NY,115
1955472930466702013,GNP PHARMACY #130,NJ,077
1962833957888428409,GNP PHARMACY #131,NJ,075
1971462219135010363,GNP PHARMACY #132,NY,101
1981187823075612996,GNP PHARMACY #133,NJ,072
1988358159669623789,GNP PHARMACY #134,MA,021
2013167317795897159,GNP PHARMACY #135,NJ,088
2017551674582697432,GNP PHARMACY #136,NJ,078
2018717881683209932,GNP PHARMACY #137,PR,006
2020513583113953725,GNP PHARMACY #138,NY,119
2020849158527091255,GNP PHARMACY #139,NY,113
2022662634168205797,GNP PHARMACY #140,PR,009
202880270641672929,GNP PHARMACY #141,NY,121
2049236583365118298,GNP PHARMACY #142,NJ,078
2073949932443767576,GNP PHARMACY #143,PA,191
2077691720139511232,GNP PHARMACY #144,MA,018
2080529287036496964,GNP PHARMACY #145,NY,115
2090966447983750424,GNP PHARMACY #146,ME,039
2099303152335823135,GNP PHARMACY #147,PA,182
2102858779495878808,GNP PHARMACY #148,NJ,076
2109682434798767501,GNP PHARMACY #149,NJ,070
2109913237959930897,GNP PHARMACY #150,PA,191
2125499408901198183,GNP PHARMACY #151,NJ,070
2128113396617738734,GNP PHARMACY #152,PA,193
2129220559599037741,GNP PHARMACY #153,NJ,070
2140264107560853494,GNP PHARMACY #154,NJ,070
2146445694114993651,GNP PHARMACY #155,PA,184
2158057907507147265,GNP PHARMACY #156,CT,063
2161495203513737207,GNP PHARMACY #157,PA,191
2170859251559779990,GNP PHARMACY #158,PR,006
2173969719601996952,GNP PHARMACY #159,PA,190
2185292976022328904,GNP PHARMACY #160,NY,112
2202970372735235579,GNP PHARMACY #161,PR,007
2207745098325681122,GNP PHARMACY #162,MA,012
2210726762770058914,GNP PHARMACY #163,NY,104
2210855056223159761,GNP PHARMACY #164,PA,173
2222633876720505494,GNP PHARMACY #165,NJ,076
2230913098736515247,GNP PHARMACY #166,NJ,077
2235698282629653702,GNP PHARMACY #167,PA,194
2246096654304627118,GNP PHARMACY #168,PA,181
2247111312138928288,GNP PHARMACY #169,NY,112
2263360590205043776,GNP PHARMACY #170,NY,109
2272416768892464772,GNP PHARMACY #171,NJ,071
2281344178566703906,GNP PHARMACY #172,NY,111
2285442449746647738,GNP PHARMACY #173,NJ,079
2296078627921869370,GNP PHARMACY #174,PR,009
2298852241474974362,GNP PHARMACY #175,NJ,070
2299615936445831763,GNP PHARMACY #176,NY,109
2302591953934318263,GNP PHARMACY #177,PA,173
2336923511615818845,GNP PHARMACY #178,NJ,080
2339266754720879155,GNP PHARMACY #179,PA,191
2344604193569544986,GNP PHARMACY #180,NJ,070
2357247903483210162,GNP PHARMACY #181,NY,114
2357990526179002870,GNP PHARMACY #182,NY,104
2359692451081395376,GNP PHARMACY #183,NJ,089
2366109482619484336,GNP PHARMACY #184,NY,112
2366821326560064620,GNP PHARMACY #185,NJ,073
2371215529310244519,GNP PHARMACY #186,PR,009
2391221834989068049,GNP PHARMACY #187,PA,179
2403992561737401467,GNP PHARMACY #188,NY,117
2405096593577600229,GNP PHARMACY #189,PR,009
2415684547782795278,GNP PHARMACY #190,PR,009
2419356312358847475,GNP PHARMACY #191,PR,007
2422034076535635987,GNP PHARMACY #192,PA,181
2429096179338602924,GNP PHARMACY #193,PA,180
243426253519024307,GNP PHARMACY #194,NJ,070
2447973262608059659,GNP PHARMACY #195,NJ,073
2460130771898242917,GNP PHARMACY #196,PA,196
2467135693952918677,GNP PHARMACY #197,MA,018
2472638319502974631,GNP PHARMACY #198,PA,170
2477341082098708967,GNP PHARMACY #199,NY,113
2487426938853675539,GNP PHARMACY #200,NY,110
2488659078079761866,GNP PHARMACY #201,PA,152
2494609331252026398,GNP PHARMACY #202,NJ,070
2496491812627036795,GNP PHARMACY #203,PA,190
2504004702450567508,GNP PHARMACY #204,NJ,081
2511059609531482950,GNP PHARMACY #205,NJ,075
2514050334879231330,GNP PHARMACY #206,PA,176
2521923372870603455,GNP PHARMACY #207,NY,115
2521976042199446142,GNP PHARMACY #208,NY,112
2530191082514647603,GNP PHARMACY #209,NY,111
2547991796291695918,GNP PHARMACY #210,NY,116
2557779967183367219,GNP PHARMACY #211,NJ,078
256578946717101709,GNP PHARMACY #212,NY,112
2570109909881968595,GNP PHARMACY #213,NY,124
2575309149457743538,GNP PHARMACY #214,CT,068
2596145720244032607,GNP PHARMACY #215,NJ,070
2604095083229983327,GNP PHARMACY #216,NJ,086
2611999236354475340,GNP PHARMACY #217,PR,007
2633472871402496135,GNP PHARMACY #218,NY,110
2634446448990403365,GNP PHARMACY #219,NJ,070
2646494473754231928,GNP PHARMACY #220,NJ,088
2658194162404582921,GNP PHARMACY #221,PR,009
2682141041557775024,GNP PHARMACY #222,VT,054
2687659852956230465,GNP PHARMACY #223,MA,021
2691529582873325264,GNP PHARMACY #224,NY,104
2695916150372775207,GNP PHARMACY #225,NY,115
2706543436392522086,GNP PHARMACY #226,NY,125
2725351349637494215,GNP PHARMACY #227,CT,060
2738160743297496015,GNP PHARMACY #228,NY,104
2738222442882596687,GNP PHARMACY #229,NJ,070
2752978408496932736,GNP PHARMACY #230,NJ,070
2758904074535580613,GNP PHARMACY #231,CT,061
2759406693434064370,GNP PHARMACY #232,NJ,077
2761216035197605010,GNP PHARMACY #233,NY,112
276247931266325460,GNP PHARMACY #234,NJ,075
2768592056922338023,GNP PHARMACY #235,CT,064
2786768342837913272,GNP PHARMACY #236,NJ,085
280583528978649821,GNP PHARMACY #237,NJ,080
2810639936210845290,GNP PHARMACY #238,NY,113
2812406386463526437,GNP PHARMACY #239,NJ,076
2820040449715362136,GNP PHARMACY #240,NJ,077
282453216995442891,GNP PHARMACY #241,MA,022
2824938890957929739,GNP PHARMACY #242,NJ,075
2827653228247441729,GNP PHARMACY #243,PA,189
2841806224023075344,GNP PHARMACY #244,NJ,085
2842813052422127596,GNP PHARMACY #245,NJ,078
2857318763850909085,GNP PHARMACY #246,NY,112
2860407128846686728,GNP PHARMACY #247,MA,018
2860423977158346215,GNP PHARMACY #248,PA,188
2868502752642236304,GNP PHARMACY #249,PA,190
2880031759248019479,GNP PHARMACY #250,NJ,079
2885500257010509761,GNP PHARMACY #251,NY,113
2904699194377795031,GNP PHARMACY #252,NY,113
290518587337417462,GNP PHARMACY #253,NJ,087
290714369468694317,GNP PHARMACY #254,NJ,080
2911075813382936994,GNP PHARMACY #255,PA,190
2920613090323731686,GNP PHARMACY #256,MA,025
2920638719869583885,GNP PHARMACY #257,NJ,071
292663819886667034,GNP PHARMACY #258,NY,113
2934625417882104441,GNP PHARMACY #259,NJ,088
2952455635957727380,GNP PHARMACY #260,PR,006
29654466873870325,GNP PHARMACY #261,NY,142
2966278661004004226,GNP PHARMACY #262,NY,113
296879239315228292,GNP PHARMACY #263,NY,104
29746077410861287,GNP PHARMACY #264,NY,112
2976459779189671635,GNP PHARMACY #265,NJ,086
299764049885959929,GNP PHARMACY #266,PR,009
3008167137843055983,GNP PHARMACY #267,NY,104
3009511363937949368,GNP PHARMACY #268,NY,100
3009693108150153253,GNP PHARMACY #269,NJ,077
302100408537223834,GNP PHARMACY #270,NY,100
3032354319528181550,GNP PHARMACY #271,NY,113
3058423167411467128,GNP PHARMACY #272,PA,191
3074534950993278741,GNP PHARMACY #273,NJ,080
3075262850862765953,GNP PHARMACY #274,MA,017
3094918456222931615,GNP PHARMACY #275,NY,100
3096710733544170912,GNP PHARMACY #276,PA,151
3099596860126462610,GNP PHARMACY #277,MA,010
3110997941455648317,GNP PHARMACY #278,NJ,073
3126173498991416496,GNP PHARMACY #279,NJ,070
3133404178685277198,GNP PHARMACY #280,NY,125
3136833271692091934,GNP PHARMACY #281,NJ,080
3143739177300567217,GNP PHARMACY #282,VI,008
3146572304094278663,GNP PHARMACY #283,NY,105
3150269609129196996,GNP PHARMACY #284,NY,117
3152286758389408775,GNP PHARMACY #285,NY,104
3158887248488841791,GNP PHARMACY #286,PA,184
3169184220122512354,GNP PHARMACY #287,NJ,074
3171903510287978419,GNP PHARMACY #288,NJ,074
3175089049902559510,GNP PHARMACY #289,PR,009
3187716742894858096,GNP PHARMACY #290,NY,107
3190497977285982079,GNP PHARMACY #291,NY,112
3191155010725799957,GNP PHARMACY #292,NY,114
3192059643444125983,GNP PHARMACY #293,PA,155
3195998641401002856,GNP PHARMACY #294,NY,104
319992310759981127,GNP PHARMACY #295,PA,191
3200327616739881376,GNP PHARMACY #296,PR,007
3204676104489970153,GNP PHARMACY #297,DE,199
3205924598834445208,GNP PHARMACY #298,PR,007
3214679382131486233,GNP PHARMACY #299,PR,007
3216540913770909647,GNP PHARMACY #300,NJ,071
3216704393386854130,GNP PHARMACY #301,NY,112
3216895994651044650,GNP PHARMACY #302,NY,104
3218977514297219567,GNP PHARMACY #303,NY,104
3232591195213936118,GNP PHARMACY #304,MA,017
3241946627864485090,GNP PHARMACY #305,NJ,087
3244342499656755558,GNP PHARMACY #306,NJ,076
3269396384942674828,GNP PHARMACY #307,NJ,070
3284704975863292825,GNP PHARMACY #308,PR,006
3300700989693302544,GNP PHARMACY #309,NJ,070
3310319963763740437,GNP PHARMACY #310,NY,112
3313386311268012159,GNP PHARMACY #311,NY,104
334377720035012935,GNP PHARMACY #312,NY,100
3345685190491575411,GNP PHARMACY #313,NJ,070
3348447749336161212,GNP PHARMACY #314,PA,175
335179949878697124,GNP PHARMACY #315,NY,109
3384301584334184099,GNP PHARMACY #316,NJ,076
3384537367222750070,GNP PHARMACY #317,NY,100
3385267891691153174,GNP PHARMACY #318,PA,180
3389348191242360921,GNP PHARMACY #319,NJ,088
3401676789836004270,GNP PHARMACY #320,PA,180
3420864147910217720,GNP PHARMACY #321,PR,007
3421191787057599275,GNP PHARMACY #322,PR,009
3425823772368729313,GNP PHARMACY #323,PR,007
3429150754902821945,GNP PHARMACY #324,MA,010
344423352960717667,GNP PHARMACY #325,NY,112
3446120256656824115,GNP PHARMACY #326,NY,114
3447632665637166447,GNP PHARMACY #327,PA,184
3447821596383611052,GNP PHARMACY #328,NY,113
3467221308694519678,GNP PHARMACY #329,NY,115
3471756043975910988,GNP PHARMACY #330,PR,009
3488445608926373561,GNP PHARMACY #331,NY,112
3491753221171410842,GNP PHARMACY #332,NJ,085
3503568118867290501,GNP PHARMACY #333,NY,117
3504304910911993217,GNP PHARMACY #334,NY,104
3508008965047862640,GNP PHARMACY #335,NJ,087
352553083027809773,GNP PHARMACY #336,PR,006
3533847602478041833,GNP PHARMACY #337,PR,009
3534040594111486797,GNP PHARMACY #338,NY,104
3539154001645920711,GNP PHARMACY #339,NY,117
3547405584626609820,GNP PHARMACY #340,NY,112
355557766469599078,GNP PHARMACY #341,PA,191
3562597123179579934,GNP PHARMACY #342,NJ,088
3585973796332299879,GNP PHARMACY #343,NY,109
3605882755214346843,GNP PHARMACY #344,NY,112
3606985165369077211,GNP PHARMACY #345,NY,110
3607712814458519353,GNP PHARMACY #346,NJ,077
3611842693922313723,GNP PHARMACY #347,PA,181
3613558139722801923,GNP PHARMACY #348,NY,104
3617496515326470869,GNP PHARMACY #349,NY,114
3622646347492083370,GNP PHARMACY #350,NJ,078
3631475969958265823,GNP PHARMACY #351,NJ,083
3670026726251947928,GNP PHARMACY #352,NY,115
3672741605275018084,GNP PHARMACY #353,NY,103
3680688056718193451,GNP PHARMACY #354,NJ,088
369543268004438562,GNP PHARMACY #355,NJ,076
3703418714534005092,GNP PHARMACY #356,NJ,080
370609565989903806,GNP PHARMACY #357,NY,109
3716241695992874944,GNP PHARMACY #358,NY,104
3718845786821024861,GNP PHARMACY #359,MA,024
372194152374937301,GNP PHARMACY #360,NY,113
3731993184735052220,GNP PHARMACY #361,NJ,085
3743720187423827873,GNP PHARMACY #362,CT,064
3746258293434301567,GNP PHARMACY #363,NJ,082
3752421386731363407,GNP PHARMACY #364,NY,100
3764888072649328268,GNP PHARMACY #365,NY,113
3779980309146245525,GNP PHARMACY #366,NY,113
3782256558650047555,GNP PHARMACY #367,NY,113
3791675495642597068,GNP PHARMACY #368,PR,006
3792446395637091622,GNP PHARMACY #369,NY,113
3793077773428359868,GNP PHARMACY #370,NJ,080
3796994426597251026,GNP PHARMACY #371,NY,100
3798289414948528523,GNP PHARMACY #372,NY,112
3824706160713549397,GNP PHARMACY #373,PA,175
3832252485382449155,GNP PHARMACY #374,MA,021
3836769461345648097,GNP PHARMACY #375,PA,191
3846245501629877213,GNP PHARMACY #376,NJ,074
3851275575365874764,GNP PHARMACY #377,NY,100
3856372076863482000,GNP PHARMACY #378,NJ,077
3858724636244030543,GNP PHARMACY #379,PR,007
3873375626339507834,GNP PHARMACY #380,NY,109
3891542658432006697,GNP PHARMACY #381,PA,191
3895730101286281529,GNP PHARMACY #382,NJ,073
3896836958049059694,GNP PHARMACY #383,NY,112
3901591803698141569,GNP PHARMACY #384,NY,114
3902888402945828969,GNP PHARMACY #385,PA,191
3921041945961294952,GNP PHARMACY #386,PR,006
3965489755109778419,GNP PHARMACY #387,NY,112
3974058302019115348,GNP PHARMACY #388,NY,109
3984982254424372364,GNP PHARMACY #389,NJ,080
4000431068308946561,GNP PHARMACY #390,PA,188
4005246439908142934,GNP PHARMACY #391,NY,100
4005864998627448500,GNP PHARMACY #392,NJ,080
401445627484680327,GNP PHARMACY #393,NY,100
4021410703555984858,GNP PHARMACY #394,MA,010
4034866639250086099,GNP PHARMACY #395,NJ,074
4040370958795739870,GNP PHARMACY #396,NJ,071
4043005667945888518,GNP PHARMACY #397,NY,100
4044414609140311255,GNP PHARMACY #398,NJ,088
4053198264544929435,GNP PHARMACY #399,NY,112
4053445537556705844,GNP PHARMACY #400,NJ,088
406456125322272947,GNP PHARMACY #401,PA,190
4069150232410083583,GNP PHARMACY #402,NY,149
4070012981221191021,GNP PHARMACY #403,NJ,070
4077025990600984687,GNP PHARMACY #404,NY,112
4086735536061666676,GNP PHARMACY #405,MA,010
4097864406964773095,GNP PHARMACY #406,PA,159
4101090871010102789,GNP PHARMACY #407,NY,104
4102075198602969871,GNP PHARMACY #408,PA,174
4104564614678804400,GNP PHARMACY #409,NJ,080
4108601263639132243,GNP PHARMACY #410,NY,117
4109533506208163113,GNP PHARMACY #411,NJ,078
4110341869359084108,GNP PHARMACY #412,NJ,088
4118866886349664283,GNP PHARMACY #413,PA,194
4130383862129366005,GNP PHARMACY #414,NY,104
4140267160627226382,GNP PHARMACY #415,NY,112
4146660092420408999,GNP PHARMACY #416,NJ,070
4156533615253616130,GNP PHARMACY #417,PR,009
4166097203778531813,GNP PHARMACY #418,NY,112
417254040911106203,GNP PHARMACY #419,PA,193
4173986334000073718,GNP PHARMACY #420,NY,114
4181027872607987429,GNP PHARMACY #421,PR,009
4194937199395550984,GNP PHARMACY #422,NJ,070
4197411661441354497,GNP PHARMACY #423,PR,009
4201221384510795199,GNP PHARMACY #424,NY,100
4202256251204811182,GNP PHARMACY #425,NY,112
4202531771625123682,GNP PHARMACY #426,NY,114
420667309571464567,GNP PHARMACY #427,NY,105
4221978479701299019,GNP PHARMACY #428,NJ,075
4222510065300493574,GNP PHARMACY #429,NY,112
4228121409250037047,GNP PHARMACY #430,NY,100
4229147575799177974,GNP PHARMACY #431,NY,113
4239205815300271384,GNP PHARMACY #432,NY,100
4243713822727227660,GNP PHARMACY #433,NY,123
4248148459324664159,GNP PHARMACY #434,PA,193
4257996418857791381,GNP PHARMACY #435,PR,009
4263691586517524576,GNP PHARMACY #436,NY,104
4266135588610786415,GNP PHARMACY #437,PA,190
4293109858303641785,GNP PHARMACY #438,NJ,088
4297650184855969414,GNP PHARMACY #439,PA,191
4304006138080503359,GNP PHARMACY #440,NJ,073
4308070449393583871,GNP PHARMACY #441,MA,012
4313705360747887814,GNP PHARMACY #442,CT,067
4320625475631932711,GNP PHARMACY #443,PR,009
4322428476680331985,GNP PHARMACY #444,NY,125
4325879497219228989,GNP PHARMACY #445,PA,172
4341531607080706448,GNP PHARMACY #446,PR,009
436032894160884592,GNP PHARMACY #447,NY,114
4371270051895018428,GNP PHARMACY #448,NJ,071
4377706164321547119,GNP PHARMACY #449,NJ,088
4381838140254828907,GNP PHARMACY #450,NJ,071
438383275400888569,GNP PHARMACY #451,PA,182
4397386925507920729,GNP PHARMACY #452,PA,190
4416100399456673861,GNP PHARMACY #453,CT,065
442649497510710953,GNP PHARMACY #454,PA,180
4452006995176232410,GNP PHARMACY #455,NY,112
4455667890446519686,GNP PHARMACY #456,NJ,086
4461873291328007147,GNP PHARMACY #457,NY,111
4474219946559825502,GNP PHARMACY #458,PA,196
4487249706320930241,GNP PHARMACY #459,CT,064
4488217628867581951,GNP PHARMACY #460,NY,112
4491388515993999448,GNP PHARMACY #461,NJ,081
4495440570582392073,GNP PHARMACY #462,NJ,070
450251010987704942,GNP PHARMACY #463,NJ,080
4503135860675309090,GNP PHARMACY #464,PA,185
4508361065124130649,GNP PHARMACY #465,PA,193
4519404694979729981,GNP PHARMACY #466,NY,113
4529909086980976363,GNP PHARMACY #467,NY,100
4531994445571210704,GNP PHARMACY #468,NY,113
4533119979845944018,GNP PHARMACY #469,NY,117
4539730679297084679,GNP PHARMACY #470,ME,040
454923118524179916,GNP PHARMACY #471,NY,112
4551309422599995053,GNP PHARMACY #472,NJ,082
4556679290397987046,GNP PHARMACY #473,NJ,077
4560305324376977972,GNP PHARMACY #474,NJ,077
45647414697479627,GNP PHARMACY #475,PA,179
4565754413366638163,GNP PHARMACY #476,PA,180
4576889916977837299,GNP PHARMACY #477,NJ,072
4585864185360716021,GNP PHARMACY #478,NJ,070
4586623165735816115,GNP PHARMACY #479,NJ,080
4608368862046116494,GNP PHARMACY #480,NJ,074
461090813055908060,GNP PHARMACY #481,NJ,087
4612892363052099677,GNP PHARMACY #482,NY,115
4613433900454471974,GNP PHARMACY #483,PR,007
4615081609001962853,GNP PHARMACY #484,NY,113
4643845010114672808,GNP PHARMACY #485,MA,010
4648225933502476862,GNP PHARMACY #486,PR,007
465159817338599619,GNP PHARMACY #487,PR,006
4652393880526085756,GNP PHARMACY #488,PA,190
4654349554680583738,GNP PHARMACY #489,PA,154
4658468062967725286,GNP PHARMACY #490,NY,104
4660783041797003973,GNP PHARMACY #491,MA,027
4666769388611388270,GNP PHARMACY #492,NY,104
4670164778977621774,GNP PHARMACY #493,NY,100
4671225723526447021,GNP PHARMACY #494,PR,007
4675393702713655233,GNP PHARMACY #495,CT,064
4677516400738810426,GNP PHARMACY #496,PA,194
4698246445582728895,GNP PHARMACY #497,NJ,086
4714242159857409630,GNP PHARMACY #498,NJ,088
4718332406572191897,GNP PHARMACY #499,NY,109
4754955394504903019,GNP PHARMACY #500,CT,064
4761310097215794297,GNP PHARMACY #501,NY,110
4761856814505910953,GNP PHARMACY #502,NY,113
4769297689170472047,GNP PHARMACY #503,PA,179
4772388665717680860,GNP PHARMACY #504,NJ,088
4776990044469917435,GNP PHARMACY #505,PA,191
4784160630850516409,GNP PHARMACY #506,PA,191
4792236675277178468,GNP PHARMACY #507,NJ,073
4801036624168486921,GNP PHARMACY #508,PA,151
4802328311077743766,GNP PHARMACY #509,PA,190
4804928947124935158,GNP PHARMACY #510,PA,191
4808030707625861521,GNP PHARMACY #511,NY,104
4809134363084857288,GNP PHARMACY #512,PA,190
4817595315796183963,GNP PHARMACY #513,PA,193
4822958535920257604,GNP PHARMACY #514,NY,100
4824329993277444875,GNP PHARMACY #515,NY,104
4828696049995463966,GNP PHARMACY #516,NY,104
4851768557404687380,GNP PHARMACY #517,NY,112
4880990759985134156,GNP PHARMACY #518,NH,035
4886484396774680920,GNP PHARMACY #519,ME,039
4889633992167568228,GNP PHARMACY #520,NY,112
4891864721469098224,GNP PHARMACY #521,NJ,082
4894288529513292707,GNP PHARMACY #522,NY,100
4901045958441312934,GNP PHARMACY #523,NY,112
4904593400077845927,GNP PHARMACY #524,ME,047
4932165310004873596,GNP PHARMACY #525,NJ,085
4933439200597308053,GNP PHARMACY #526,NY,112
4936916234789217473,GNP PHARMACY #527,PA,170
4937287097645607344,GNP PHARMACY #528,PA,186
4937396156110961646,GNP PHARMACY #529,PA,190
4945295237537392311,GNP PHARMACY #530,NY,100
4948809778147202427,GNP PHARMACY #531,NJ,070
4952267724011458679,GNP PHARMACY #532,NJ,073
4963752579566208087,GNP PHARMACY #533,NY,100
4970878646657452344,GNP PHARMACY #534,NY,114
4976193433139414656,GNP PHARMACY #535,NY,103
498175380910814309,GNP PHARMACY #536,NJ,070
5009758370054066073,GNP PHARMACY #537,NJ,070
5012315859492224964,GNP PHARMACY #538,RI,029
5016793414860585861,GNP PHARMACY #539,NY,108
5020306984797980383,GNP PHARMACY #540,PR,006
5024698741946950096,GNP PHARMACY #541,NY,104
5044163249153711603,GNP PHARMACY #542,MA,010
504633501157912371,GNP PHARMACY #543,NY,100
5051426781989043049,GNP PHARMACY #544,PA,190
507852155132494994,GNP PHARMACY #545,PA,180
510237607644489246,GNP PHARMACY #546,PA,194
5114038575148667711,GNP PHARMACY #547,NJ,087
5129853159417694308,GNP PHARMACY #548,NY,100
5134992681618716842,GNP PHARMACY #549,NY,100
5148249614214338117,GNP PHARMACY #550,CT,060
5153629423177550940,GNP PHARMACY #551,NJ,076
5176456362139077803,GNP PHARMACY #552,NJ,078
5182742308155131465,GNP PHARMACY #553,PA,191
5183240456085570630,GNP PHARMACY #554,NJ,070
5204784010282848850,GNP PHARMACY #555,NJ,074
5213069594586547090,GNP PHARMACY #556,NY,104
5221959682828252685,GNP PHARMACY #557,NY,112
5233888403526469896,GNP PHARMACY #558,PA,191
5234138153190971562,GNP PHARMACY #559,PA,185
5240089310748472973,GNP PHARMACY #560,NJ,070
524225314452710008,GNP PHARMACY #561,NY,112
5243426953522266201,GNP PHARMACY #562,MA,013
5255466693096980571,GNP PHARMACY #563,NY,117
5262758057535102019,GNP PHARMACY #564,NY,104
5274795498003244970,GNP PHARMACY #565,PA,189
5277228057337370011,GNP PHARMACY #566,NY,100
5288226743857936636,GNP PHARMACY #567,NJ,071
5291912508187871595,GNP PHARMACY #568,PA,184
529470887011083355,GNP PHARMACY #569,NY,103
5296158397706053200,GNP PHARMACY #570,NJ,070
5304981551559942288,GNP PHARMACY #571,PR,007
5306379822978543058,GNP PHARMACY #572,NY,112
5324492628793545508,GNP PHARMACY #573,NY,113
5327731693218730325,GNP PHARMACY #574,NJ,088
5332828383499407519,GNP PHARMACY #575,NY,112
5333298041171773259,GNP PHARMACY #576,NJ,088
5346745965850826598,GNP PHARMACY #577,PR,007
536719232234314822,GNP PHARMACY #578,NY,115
5368619667921682805,GNP PHARMACY #579,PA,191
5377071266938109665,GNP PHARMACY #580,NY,113
5388325091903029130,GNP PHARMACY #581,NY,113
5409495840354898375,GNP PHARMACY #582,PR,009
5413222168095674722,GNP PHARMACY #583,PA,170
5413960046388877496,GNP PHARMACY #584,NY,105
5419617379238849619,GNP PHARMACY #585,NJ,088
5456962357509666391,GNP PHARMACY #586,NJ,078
5460598020046828010,GNP PHARMACY #587,NJ,088
5464072734544936345,GNP PHARMACY #588,CT,064
5467978112256857416,GNP PHARMACY #589,NY,105
5473573518275224893,GNP PHARMACY #590,NY,113
5477330584385745029,GNP PHARMACY #591,NY,113
5487120954925529983,GNP PHARMACY #592,PR,009
5505958849312002609,GNP PHARMACY #593,PA,160
5508721620183361501,GNP PHARMACY #594,NJ,080
5508735288614241656,GNP PHARMACY #595,NJ,072
551098070761990035,GNP PHARMACY #596,NY,100
5512424172696539626,GNP PHARMACY #597,NY,105
5512696224531505153,GNP PHARMACY #598,NJ,073
5520816518911876321,GNP PHARMACY #599,NY,105
5527250059170353492,GNP PHARMACY #600,NY,125
5528536432535309502,GNP PHARMACY #601,CT,063
5533658686147009488,GNP PHARMACY #602,NY,112
5534245536423415356,GNP PHARMACY #603,NY,103
5540668037223093314,GNP PHARMACY #604,NY,112
5547206186467328093,GNP PHARMACY #605,NY,112
5560162810023686486,GNP PHARMACY #606,CT,067
5561081505743719577,GNP PHARMACY #607,PA,151
5566042361556205016,GNP PHARMACY #608,NJ,078
5568417684169586695,GNP PHARMACY #609,NY,117
5574324683520357059,GNP PHARMACY #610,MA,016
5587846224391965846,GNP PHARMACY #611,NJ,079
5618981026642252409,GNP PHARMACY #612,ME,046
564415849256754297,GNP PHARMACY #613,NJ,089
5648479484478448574,GNP PHARMACY #614,PA,158
5651211939390813433,GNP PHARMACY #615,PR,009
5655038816111346476,GNP PHARMACY #616,NY,104
5656229585292837307,GNP PHARMACY #617,MA,018
5659999083754400594,GNP PHARMACY #618,NJ,070
5663553397376629843,GNP PHARMACY #619,PA,152
5673794446857115744,GNP PHARMACY #620,PA,182
5675144689134850991,GNP PHARMACY #621,NY,113
5675339813033232062,GNP PHARMACY #622,NY,115
5681505884648702909,GNP PHARMACY #623,NY,112
5707063713839079832,GNP PHARMACY #624,NJ,070
5717345452458098205,GNP PHARMACY #625,PA,172
5729233569467751321,GNP PHARMACY #626,NY,122
5734581614124513059,GNP PHARMACY #627,DE,197
5788116567980694744,GNP PHARMACY #628,CT,062
5792561181585207815,GNP PHARMACY #629,PA,195
5806342144388280074,GNP PHARMACY #630,PA,195
5824860051856401388,GNP PHARMACY #631,NY,103
5843382367074203789,GNP PHARMACY #632,NY,100
5849567500556478285,GNP PHARMACY #633,NJ,085
5856295148319218281,GNP PHARMACY #634,NY,103
5863415973292603633,GNP PHARMACY #635,NY,114
5867777556612799036,GNP PHARMACY #636,PA,191
5867794756941464637,GNP PHARMACY #637,NY,110
5884341477603704674,GNP PHARMACY #638,NJ,071
5893720931566185252,GNP PHARMACY #639,ME,039
5894332159554267908,GNP PHARMACY #640,NJ,081
5909906597729307147,GNP PHARMACY #641,PA,152
5915881610614287382,GNP PHARMACY #642,NY,104
5920913941627962265,GNP PHARMACY #643,NY,104
593230839964554875,GNP PHARMACY #644,PR,007
5937006903138008597,GNP PHARMACY #645,NJ,075
5945992976926044139,GNP PHARMACY #646,PR,007
5952777619851446923,GNP PHARMACY #647,PR,007
596466635493332282,GNP PHARMACY #648,NY,113
5971765757178483096,GNP PHARMACY #649,NJ,089
5992877750903523935,GNP PHARMACY #650,NJ,086
6003930757134882931,GNP PHARMACY #651,NJ,079
6004314249249587549,GNP PHARMACY #652,NY,100
6011642510830234308,GNP PHARMACY #653,NY,107
6012058879188861495,GNP PHARMACY #654,NY,113
6014730164852361070,GNP PHARMACY #655,NJ,077
6039912383873365863,GNP PHARMACY #656,PA,181
6049833167720052621,GNP PHARMACY #657,NY,116
6051683077557984,GNP PHARMACY #658,NY,109
605596874978187245,GNP PHARMACY #659,NY,105
6056589515652192257,GNP PHARMACY #660,PR,009
6064456893083849271,GNP PHARMACY #661,PR,007
6064706889279559004,GNP PHARMACY #662,PA,196
6066524253995169350,GNP PHARMACY #663,PR,007
6085975921730682442,GNP PHARMACY #664,PR,006
6088634162265325074,GNP PHARMACY #665,NY,114
6097534395995051033,GNP PHARMACY #666,NJ,080
6101710632963616773,GNP PHARMACY #667,PA,182
6103594830489578832,GNP PHARMACY #668,NY,111
6107497498706833469,GNP PHARMACY #669,MA,015
6112539411888128797,GNP PHARMACY #670,NY,112
6115972096524992161,GNP PHARMACY #671,NY,100
6126234133900179338,GNP PHARMACY #672,NY,148
6128700675395215728,GNP PHARMACY #673,PA,196
6137381622246078811,GNP PHARMACY #674,DE,197
6138981496385388781,GNP PHARMACY #675,NY,112
6140478709460127131,GNP PHARMACY #676,CT,060
6141554542500127272,GNP PHARMACY #677,NJ,070
6147150467155037619,GNP PHARMACY #678,NJ,070
6147822758164050825,GNP PHARMACY #679,PA,173
61520549788616420,GNP PHARMACY #680,PA,170
6152206644966100653,GNP PHARMACY #681,PR,006
6154706101773838332,GNP PHARMACY #682,PA,191
6159112014025455229,GNP PHARMACY #683,NY,112
6161376679157216582,GNP PHARMACY #684,NY,100
6165426102136322068,GNP PHARMACY #685,PR,009
61660627605900483,GNP PHARMACY #686,NY,112
6183490288530397740,GNP PHARMACY #687,PR,006
6190021058320036283,GNP PHARMACY #688,CT,060
6204309519100230224,GNP PHARMACY #689,NJ,077
6206629577829703560,GNP PHARMACY #690,NJ,077
6208751898237833292,GNP PHARMACY #691,NY,100
6213729021448070995,GNP PHARMACY #692,PA,173
6217891042113701668,GNP PHARMACY #693,PA,184
6223246236511917076,GNP PHARMACY #694,PA,189
6227369197500125942,GNP PHARMACY #695,NJ,085
6232646127567792089,GNP PHARMACY #696,NY,113
6268866201801911951,GNP PHARMACY #697,NY,100
6270273578569589985,GNP PHARMACY #698,NY,113
627667554737163115,GNP PHARMACY #699,NJ,088
6281920295601341329,GNP PHARMACY #700,PR,009
6284774098034755562,GNP PHARMACY #701,NY,112
6294301052855903102,GNP PHARMACY #702,NY,104
6302081639361703894,GNP PHARMACY #703,PA,170
6306005100901105127,GNP PHARMACY #704,NJ,073
6306016031037884027,GNP PHARMACY #705,NY,112
6306622524697257811,GNP PHARMACY #706,NY,100
6309260085531235581,GNP PHARMACY #707,NY,111
6322145647284391777,GNP PHARMACY #708,MA,010
6333145345908524165,GNP PHARMACY #709,NY,113
6336180905475870664,GNP PHARMACY #710,PA,191
6336285383546502299,GNP PHARMACY #711,NY,104
6362142750666151279,GNP PHARMACY #712,PA,180
6364167247454749996,GNP PHARMACY #713,ME,044
6364931877932088810,GNP PHARMACY #714,PA,172
6364964354514655354,GNP PHARMACY #715,PR,007
6400326373373460349,GNP PHARMACY #716,MA,021
6422263683610259366,GNP PHARMACY #717,NY,125
642812055742009289,GNP PHARMACY #718,PA,189
6433375196252832585,GNP PHARMACY #719,PA,155
6438178130635363979,GNP PHARMACY #720,NY,103
644366764593749034,GNP PHARMACY #721,NJ,070
6447760823780666687,GNP PHARMACY #722,CT,066
6449544408838283374,GNP PHARMACY #723,CT,060
6454152494331309252,GNP PHARMACY #724,PA,170
6456621789121903095,GNP PHARMACY #725,NY,100
6470360684089029069,GNP PHARMACY #726,NJ,070
6488162102137181761,GNP PHARMACY #727,NY,112
6502343755926797562,GNP PHARMACY #728,PA,170
6516785655383531873,GNP PHARMACY #729,NY,113
6531330806527418498,GNP PHARMACY #730,PR,007
6540479754926681318,GNP PHARMACY #731,NY,126
6545367309769366966,GNP PHARMACY #732,CT,063
6547912500976304743,GNP PHARMACY #733,NY,100
6557328164763739109,GNP PHARMACY #734,NY,112
6559530180471425772,GNP PHARMACY #735,PR,006
6561381295146989681,GNP PHARMACY #736,NY,132
6563492938779676643,GNP PHARMACY #737,NJ,070
6568582523327720717,GNP PHARMACY #738,NY,110
657046048504326744,GNP PHARMACY #739,NJ,076
6579304393838431101,GNP PHARMACY #740,NJ,072
6592211378050362589,GNP PHARMACY #741,PA,191
659581646728572273,GNP PHARMACY #742,PR,006
6598095530774727292,GNP PHARMACY #743,PA,174
6604838632739747334,GNP PHARMACY #744,NJ,086
6611378013698875910,GNP PHARMACY #745,NJ,074
6611911314534067321,GNP PHARMACY #746,NY,112
6614856386769859646,GNP PHARMACY #747,NY,112
6632383724539151973,GNP PHARMACY #748,NY,112
6632774668149677106,GNP PHARMACY #749,PA,191
6633796339379494880,GNP PHARMACY #750,NJ,080
6641139463488575478,GNP PHARMACY #751,NJ,088
6654003776215514771,GNP PHARMACY #752,PA,150
6656562275668867832,GNP PHARMACY #753,PA,174
6658409765514152188,GNP PHARMACY #754,NJ,086
666776683977880758,GNP PHARMACY #755,PA,176
667364486708041916,GNP PHARMACY #756,NJ,088
6685981211417666228,GNP PHARMACY #757,PA,194
6692189965057781837,GNP PHARMACY #758,PR,006
6693249847611302957,GNP PHARMACY #759,PA,184
6709528906615177605,GNP PHARMACY #760,NJ,083
6726518589168248640,GNP PHARMACY #761,NY,114
6728317534070633598,GNP PHARMACY #762,NY,112
6735800101346238710,GNP PHARMACY #763,MA,018
6738513774166555822,GNP PHARMACY #764,PA,190
6742140377077151951,GNP PHARMACY #765,CT,060
6742161920819935044,GNP PHARMACY #766,NY,112
6756961630849025050,GNP PHARMACY #767,NJ,087
67695570374520063,GNP PHARMACY #768,MA,027
6771208977842521700,GNP PHARMACY #769,NY,104
677664209138902544,GNP PHARMACY #770,ME,041
6777615955579737452,GNP PHARMACY #771,NJ,088
6792240279383701261,GNP PHARMACY #772,NJ,080
6799326603056240596,GNP PHARMACY #773,NY,107
680196811572947758,GNP PHARMACY #774,NY,112
6802136207069522332,GNP PHARMACY #775,NY,112
6805531540636822557,GNP PHARMACY #776,PA,191
6806476007115598975,GNP PHARMACY #777,NY,148
6817606455834181921,GNP PHARMACY #778,CT,068
6819973192865387170,GNP PHARMACY #779,NY,100
6826219988365594166,GNP PHARMACY #780,NY,100
6839091816682117975,GNP PHARMACY #781,CT,060
6842080865795120332,GNP PHARMACY #782,NJ,087
6863202207123678545,GNP PHARMACY #783,PR,006
6877019818085092115,GNP PHARMACY #784,NJ,073
688289283884659351,GNP PHARMACY #785,NJ,080
6893897423644279999,GNP PHARMACY #786,NY,112
6910258539004683891,GNP PHARMACY #787,NJ,070
6917477815617863492,GNP PHARMACY #788,NJ,079
6932779251774696978,GNP PHARMACY #789,PR,006
693393635820229396,GNP PHARMACY #790,NJ,077
6940071018851305068,GNP PHARMACY #791,NY,112
6955466908983118516,GNP PHARMACY #792,PR,007
6976518868537733764,GNP PHARMACY #793,NY,103
697834711152652110,GNP PHARMACY #794,MA,021
6991356705459241502,GNP PHARMACY #795,NJ,077
6993432800316023857,GNP PHARMACY #796,PA,191
700242791721961229,GNP PHARMACY #797,NY,112
7003025686214903268,GNP PHARMACY #798,PA,180
7019695482374529349,GNP PHARMACY #799,NY,112
7020056645499029586,GNP PHARMACY #800,ME,046
7022518788724399628,GNP PHARMACY #801,PR,006
7032411252872651166,GNP PHARMACY #802,CT,060
7033191861977836853,GNP PHARMACY #803,NY,104
704246320014656841,GNP PHARMACY #804,NJ,080
704496865674493186,GNP PHARMACY #805,PR,006
7055791495512548111,GNP PHARMACY #806,PA,156
70747829806253866,GNP PHARMACY #807,NY,130
7092745951987790832,GNP PHARMACY #808,NY,100
7099762624618353938,GNP PHARMACY #809,NY,112
7135660908719438350,GNP PHARMACY #810,NY,117
7162163653127343885,GNP PHARMACY #811,PA,181
7166822490474332954,GNP PHARMACY #812,NY,109
717978044986193881,GNP PHARMACY #813,PR,007
718581371879314367,GNP PHARMACY #814,PR,009
7194785635144349667,GNP PHARMACY #815,NY,105
7196810018951420015,GNP PHARMACY #816,NJ,071
7200625234151567527,GNP PHARMACY #817,MA,018
7211795617849000620,GNP PHARMACY #818,NY,116
7217870879851769200,GNP PHARMACY #819,PA,191
7222689566687779785,GNP PHARMACY #820,PR,009
7224863835164231671,GNP PHARMACY #821,CT,065
7226328058162200921,GNP PHARMACY #822,PA,194
7238420777152604336,GNP PHARMACY #823,NY,114
7249940934477061071,GNP PHARMACY #824,NY,104
7259332229818106493,GNP PHARMACY #825,PA,191
726534182124889889,GNP PHARMACY #826,NJ,076
7268130228471025340,GNP PHARMACY #827,NJ,076
7272119139458291100,GNP PHARMACY #828,NY,112
7282650801401972537,GNP PHARMACY #829,PR,009
7293694066351578744,GNP PHARMACY #830,NJ,077
7296090886099546661,GNP PHARMACY #831,NJ,086
7329435539406558825,GNP PHARMACY #832,PA,176
7333382287040431548,GNP PHARMACY #833,MA,011
7349938189092272013,GNP PHARMACY #834,CT,061
7352666603740569574,GNP PHARMACY #835,NY,112
7355954445535145626,GNP PHARMACY #836,NJ,071
736248681357198526,GNP PHARMACY #837,CT,068
7373780330281341784,GNP PHARMACY #838,NY,114
7375217677660013220,GNP PHARMACY #839,NY,113
7377096455882594601,GNP PHARMACY #840,NJ,074
7378819877337556633,GNP PHARMACY #841,PR,007
738326840607491681,GNP PHARMACY #842,PA,152
7392595527575143144,GNP PHARMACY #843,PA,176
7392666870413260978,GNP PHARMACY #844,PR,009
7392746390675188763,GNP PHARMACY #845,Z,"	92"
7393495194368525015,GNP PHARMACY #846,PR,007
7395993648081337376,GNP PHARMACY #847,PR,007
7398824657109743527,GNP PHARMACY #848,CT,067
7400785319311578122,GNP PHARMACY #849,NY,113
7407648376021669359,GNP PHARMACY #850,NJ,085
740865154140384102,GNP PHARMACY #851,PA,190
7413496282652049832,GNP PHARMACY #852,NY,100
7416265322181154580,GNP PHARMACY #853,NJ,088
7437279712014294647,GNP PHARMACY #854,PA,194
7437938282323255294,GNP PHARMACY #855,NY,114
7438161233787664756,GNP PHARMACY #856,PA,184
7447699504207961821,GNP PHARMACY #857,NJ,085
7455692093864223403,GNP PHARMACY #858,NJ,070
7460683502291223069,GNP PHARMACY #859,PA,190
748613589991092598,GNP PHARMACY #860,NY,103
748915121719309177,GNP PHARMACY #861,PA,191
749473014598443400,GNP PHARMACY #862,NJ,088
7501365986285811473,GNP PHARMACY #863,NY,104
7519851493709340736,GNP PHARMACY #864,NY,119
7522884085260974046,GNP PHARMACY #865,NJ,081
754973176064150934,GNP PHARMACY #866,CT,060
7560390416691171262,GNP PHARMACY #867,PR,009
7561952742994702546,GNP PHARMACY #868,NJ,075
7579957613215447162,GNP PHARMACY #869,NY,117
7581835153043497431,GNP PHARMACY #870,NJ,080
7583516829738573196,GNP PHARMACY #871,NY,112
7584865582904439383,GNP PHARMACY #872,NY,100
7619661934196225874,GNP PHARMACY #873,MA,019
7626231025088777272,GNP PHARMACY #874,NJ,070
7630514448320969462,GNP PHARMACY #875,NY,116
764099535963137341,GNP PHARMACY #876,ME,044
7649542013018470402,GNP PHARMACY #877,CT,064
7657126483644887705,GNP PHARMACY #878,NJ,070
7669153371901433797,GNP PHARMACY #879,NY,137
7677678154345896791,GNP PHARMACY #880,NJ,088
767790889581973829,GNP PHARMACY #881,NY,125
7702971169763203986,GNP PHARMACY #882,NY,113
7703775376909504077,GNP PHARMACY #883,NY,113
7709373333976081835,GNP PHARMACY #884,NJ,074
7709758559375882417,GNP PHARMACY #885,NY,105
7733369357831728114,GNP PHARMACY #886,NY,109
7734400911929478962,GNP PHARMACY #887,NY,112
7752182048403915772,GNP PHARMACY #888,NY,109
7768145531895586521,GNP PHARMACY #889,PA,191
7785577430440882196,GNP PHARMACY #890,NY,118
7807952863928425281,GNP PHARMACY #891,NY,104
7807987707214463754,GNP PHARMACY #892,PA,190
7809632135760667706,GNP PHARMACY #893,PA,195
7824675222855900302,GNP PHARMACY #894,NY,113
7832320768182472363,GNP PHARMACY #895,NJ,070
7837632439563496881,GNP PHARMACY #896,NY,115
7838894889567911402,GNP PHARMACY #897,PR,009
7843960089625055465,GNP PHARMACY #898,NY,112
7856606782243195612,GNP PHARMACY #899,NJ,083
7860302911962609650,GNP PHARMACY #900,MA,010
7863374745083393036,GNP PHARMACY #901,PA,191
7872808829300808721,GNP PHARMACY #902,PA,186
7874893029862460545,GNP PHARMACY #903,NJ,077
7908821636869569869,GNP PHARMACY #904,NY,118
7920351669889702761,GNP PHARMACY #905,NY,112
7935214806350993867,GNP PHARMACY #906,NJ,070
7945040859088870677,GNP PHARMACY #907,NJ,087
7952322922583024175,GNP PHARMACY #908,NY,105
7958787053348533917,GNP PHARMACY #909,PA,190
7973072630748892025,GNP PHARMACY #910,NY,100
798474486276147573,GNP PHARMACY #911,CT,063
7987789610336617163,GNP PHARMACY #912,NJ,078
7995253310771679983,GNP PHARMACY #913,NY,111
7999580510622165484,GNP PHARMACY #914,PA,170
8000582052486268140,GNP PHARMACY #915,PA,191
8007076116140450849,GNP PHARMACY #916,NJ,088
8009296234234212784,GNP PHARMACY #917,PA,191
8010274570498668087,GNP PHARMACY #918,NJ,088
8011055537588824768,GNP PHARMACY #919,CT,064
8018619403036959589,GNP PHARMACY #920,NY,117
8019202972581063616,GNP PHARMACY #921,CT,060
8026874610659329679,GNP PHARMACY #922,NY,112
8028128609886840490,GNP PHARMACY #923,NY,110
8032173824433900549,GNP PHARMACY #924,PR,007
8044562135677453012,GNP PHARMACY #925,NY,109
8052359801190788504,GNP PHARMACY #926,NJ,083
806263995939972956,GNP PHARMACY #927,NY,117
8067167321658207924,GNP PHARMACY #928,NY,112
8075346229102651144,GNP PHARMACY #929,PA,182
8083518536324242016,GNP PHARMACY #930,NY,104
8084056652806394351,GNP PHARMACY #931,NY,104
80960070327263054,GNP PHARMACY #932,NY,107
8107045373805007999,GNP PHARMACY #933,NJ,080
8108298014499222159,GNP PHARMACY #934,NJ,078
8110635868389689207,GNP PHARMACY #935,NY,105
8114477086937302611,GNP PHARMACY #936,ME,047
8126062156022077306,GNP PHARMACY #937,NY,112
8129592042152177144,GNP PHARMACY #938,NY,112
8131230679395211677,GNP PHARMACY #939,NJ,070
8135738187960000550,GNP PHARMACY #940,PA,156
8141675072780235974,GNP PHARMACY #941,NJ,070
8146743720163240233,GNP PHARMACY #942,ME,044
8149365383899095251,GNP PHARMACY #943,NY,100
8155795136342450515,GNP PHARMACY #944,NY,112
8167680552048074120,GNP PHARMACY #945,NY,112
8197613259307183297,GNP PHARMACY #946,NJ,070
8206562576818272528,GNP PHARMACY #947,NY,107
8211630326692147394,GNP PHARMACY #948,NJ,077
8221781630042373703,GNP PHARMACY #949,NJ,088
8229686485669259755,GNP PHARMACY #950,PA,191
8229864123192150929,GNP PHARMACY #951,NJ,076
8238991967953295862,GNP PHARMACY #952,PA,191
8246579827447468118,GNP PHARMACY #953,NJ,077
82472434748834669,GNP PHARMACY #954,NY,113
8249375152168077459,GNP PHARMACY #955,NY,112
8253923957281264208,GNP PHARMACY #956,PR,009
8255854050015877065,GNP PHARMACY #957,ME,046
8265792971841347357,GNP PHARMACY #958,NY,118
827488552022372904,GNP PHARMACY #959,CT,067
8275920630437410644,GNP PHARMACY #960,PA,191
8306671030877265705,GNP PHARMACY #961,NY,115
8322426040738053157,GNP PHARMACY #962,NY,113
8334257211286246462,GNP PHARMACY #963,NJ,071
8336411877253781150,GNP PHARMACY #964,PA,191
8338130398390398934,GNP PHARMACY #965,ME,049
8341231997476907700,GNP PHARMACY #966,NY,112
8342512872454639314,GNP PHARMACY #967,NJ,079
8359081173805382863,GNP PHARMACY #968,PR,009
8365973179300663163,GNP PHARMACY #969,NY,114
8367284566496696945,GNP PHARMACY #970,DE,198
8377595048415294655,GNP PHARMACY #971,NJ,080
8381064165939670460,GNP PHARMACY #972,NJ,070
8384196920509637697,GNP PHARMACY #973,PA,171
8389177076096458766,GNP PHARMACY #974,PR,009
8395022370585498959,GNP PHARMACY #975,NY,114
8397028342181857205,GNP PHARMACY #976,NY,100
8406638142603383888,GNP PHARMACY #977,NY,103
8409544756048635268,GNP PHARMACY #978,PA,191
8419519095926092365,GNP PHARMACY #979,PA,184
845591309065412826,GNP PHARMACY #980,NY,114
8459190121355420160,GNP PHARMACY #981,PA,171
8463481444586842512,GNP PHARMACY #982,NJ,088
8463908876617243580,GNP PHARMACY #983,NY,117
847007945304974125,GNP PHARMACY #984,PR,006
8478593084564328737,GNP PHARMACY #985,PA,190
8483729380599826391,GNP PHARMACY #986,NJ,070
8485340359146581244,GNP PHARMACY #987,PR,006
8497935840814503910,GNP PHARMACY #988,NY,111
8505217578200600027,GNP PHARMACY #989,NJ,075
8506230257184703229,GNP PHARMACY #990,MA,025
8516123205268021706,GNP PHARMACY #991,MA,018
8516284906780089777,GNP PHARMACY #992,NY,134
8521225737029227797,GNP PHARMACY #993,NJ,088
8525603080714848588,GNP PHARMACY #994,NY,114
853034651406281555,GNP PHARMACY #995,PA,194
8534622287236764216,GNP PHARMACY #996,NJ,088
8542272667924214643,GNP PHARMACY #997,PR,006
8552715109646311621,GNP PHARMACY #998,NY,110
85547677201840911,GNP PHARMACY #999,NJ,088
8562451264440684709,GNP PHARMACY #1000,NY,112
8565322462943354519,GNP PHARMACY #1001,NY,112
8567030247382232814,GNP PHARMACY #1002,MA,021
8568588470399143213,GNP PHARMACY #1003,NY,114
8574340487850494680,GNP PHARMACY #1004,NY,113
8574397068189742988,GNP PHARMACY #1005,NJ,085
8580017975549423122,GNP PHARMACY #1006,PA,196
860530118116023399,GNP PHARMACY #1007,NY,100
8606004816967009534,GNP PHARMACY #1008,CT,065
8608458983261085130,GNP PHARMACY #1009,PR,006
8613739565087303534,GNP PHARMACY #1010,NJ,088
8616537171411297134,GNP PHARMACY #1011,NY,103
8621518317290556217,GNP PHARMACY #1012,NJ,082
8634149097043482298,GNP PHARMACY #1013,NJ,086
8638555501840919461,GNP PHARMACY #1014,NJ,088
8648336893200341826,GNP PHARMACY #1015,PA,190
866124753563469967,GNP PHARMACY #1016,NY,112
8675013833093293050,GNP PHARMACY #1017,NY,149
8677693298569082488,GNP PHARMACY #1018,NY,112
8700456000202223239,GNP PHARMACY #1019,NY,114
8729937223636312336,GNP PHARMACY #1020,PR,009
8731125849487233109,GNP PHARMACY #1021,NJ,072
8731334084133797919,GNP PHARMACY #1022,NY,116
8741249103656809664,GNP PHARMACY #1023,PR,009
8741425467520561401,GNP PHARMACY #1024,MA,018
874167253720629196,GNP PHARMACY #1025,CT,060
8742553879828116928,GNP PHARMACY #1026,NY,104
8757240688119926261,GNP PHARMACY #1027,MA,018
8757819930759047261,GNP PHARMACY #1028,NY,100
8758830529676293777,GNP PHARMACY #1029,NY,112
8762877890227611813,GNP PHARMACY #1030,PA,191
8768027618361598832,GNP PHARMACY #1031,PA,189
8780920965938761611,GNP PHARMACY #1032,MA,017
8785400446571668482,GNP PHARMACY #1033,PA,173
8813017973794043214,GNP PHARMACY #1034,NJ,074
8814869143010749795,GNP PHARMACY #1035,NJ,070
8817206336930937633,GNP PHARMACY #1036,PR,009
8828920187737586017,GNP PHARMACY #1037,NY,113
885174262956722694,GNP PHARMACY #1038,NJ,073
8856849446636200592,GNP PHARMACY #1039,PA,193
8856969216617601348,GNP PHARMACY #1040,PA,191
8865349711412919248,GNP PHARMACY #1041,NY,100
8867925513435657,GNP PHARMACY #1042,NY,100
8877769308373673925,GNP PHARMACY #1043,NY,115
8878731394084111849,GNP PHARMACY #1044,PA,190
8879598828322175179,GNP PHARMACY #1045,NJ,081
8883024045692281665,GNP PHARMACY #1046,PR,009
8886069217667341306,GNP PHARMACY #1047,NJ,082
8892389211533138607,GNP PHARMACY #1048,NY,100
8899585272712683033,GNP PHARMACY #1049,PR,006
8923736571875322523,GNP PHARMACY #1050,ME,049
8925544101767093750,GNP PHARMACY #1051,NY,112
8928776363931148827,GNP PHARMACY #1052,ME,047
8932873020424827010,GNP PHARMACY #1053,ME,049
8934534445838494879,GNP PHARMACY #1054,PA,190
8938432978239513321,GNP PHARMACY #1055,NJ,071
8944692128522476399,GNP PHARMACY #1056,PR,009
8949491828146790465,GNP PHARMACY #1057,PA,180
8958473631959778901,GNP PHARMACY #1058,NY,100
8961504884347630766,GNP PHARMACY #1059,CT,069
8964902551133717854,GNP PHARMACY #1060,NJ,070
8965108713638577136,GNP PHARMACY #1061,CT,062
8971859059703382470,GNP PHARMACY #1062,NY,125
8973561208770792542,GNP PHARMACY #1063,RI,029
8981248433959957604,GNP PHARMACY #1064,NY,112
8982005845971836045,GNP PHARMACY #1065,PA,184
8984074543212605541,GNP PHARMACY #1066,NY,100
8998553777988148251,GNP PHARMACY #1067,NY,100
8999030874287322664,GNP PHARMACY #1068,PA,191
9001131220958219025,GNP PHARMACY #1069,CT,062
901336259706589454,GNP PHARMACY #1070,NJ,077
9028767698934207714,GNP PHARMACY #1071,PA,180
9030311729030100068,GNP PHARMACY #1072,NY,113
9035894618487564924,GNP PHARMACY #1073,PA,193
9036935034049010590,GNP PHARMACY #1074,NY,114
9037142506187940486,GNP PHARMACY #1075,NY,109
9046096587449843036,GNP PHARMACY #1076,PA,191
9097788559732795068,GNP PHARMACY #1077,NJ,088
9110437051563996474,GNP PHARMACY #1078,NY,100
9153349629716820590,GNP PHARMACY #1079,NY,115
9153587952787821699,GNP PHARMACY #1080,PA,193
9156726599634662942,GNP PHARMACY #1081,NJ,088
915973672065185452,GNP PHARMACY #1082,NY,103
9160621884969268924,GNP PHARMACY #1083,NY,112
9165422403160934053,GNP PHARMACY #1084,PA,151
9183107780773837292,GNP PHARMACY #1085,NY,112
9188703576614198052,GNP PHARMACY #1086,NJ,085
9189184429933043511,GNP PHARMACY #1087,PA,159
9201117834346839361,GNP PHARMACY #1088,NY,113
9201329313160462531,GNP PHARMACY #1089,PA,191
9201518331233084207,GNP PHARMACY #1090,MA,010
9219100993903155411,GNP PHARMACY #1091,PR,009
943521724712761855,GNP PHARMACY #1092,PA,190
947189461765894563,GNP PHARMACY #1093,PA,196
965742798214222655,GNP PHARMACY #1094,PA,184
96716371275840588,GNP PHARMACY #1095,PA,190
968692567324061969,GNP PHARMACY #1096,PR,006
974183214077120941,GNP PHARMACY #1097,NJ,075
